PRAGMA foreign_keys=OFF;
BEGIN TRANSACTION;
CREATE TABLE "assignment_definition_to_users" ("id" INTEGER PRIMARY KEY AUTOINCREMENT NOT NULL, "user_id" integer, "assignment_definition_id" integer, "created_at" datetime NOT NULL, "updated_at" datetime NOT NULL);
INSERT INTO "assignment_definition_to_users" VALUES(1,25,1,'2013-05-01 18:13:20.151313','2013-05-01 18:13:20.151313');
INSERT INTO "assignment_definition_to_users" VALUES(2,26,1,'2013-05-01 18:13:20.262680','2013-05-01 18:13:20.262680');
INSERT INTO "assignment_definition_to_users" VALUES(3,27,1,'2013-05-01 18:13:20.388243','2013-05-01 18:13:20.388243');
INSERT INTO "assignment_definition_to_users" VALUES(4,30,2,'2013-05-01 18:13:20.523189','2013-05-01 18:13:20.523189');
INSERT INTO "assignment_definition_to_users" VALUES(5,31,2,'2013-05-01 18:13:20.657269','2013-05-01 18:13:20.657269');
INSERT INTO "assignment_definition_to_users" VALUES(6,28,2,'2013-05-01 18:13:20.809375','2013-05-01 18:13:20.809375');
INSERT INTO "assignment_definition_to_users" VALUES(7,32,3,'2013-05-01 18:13:20.936163','2013-05-01 18:13:20.936163');
INSERT INTO "assignment_definition_to_users" VALUES(8,29,3,'2013-05-01 18:13:21.053721','2013-05-01 18:13:21.053721');
INSERT INTO "assignment_definition_to_users" VALUES(9,33,3,'2013-05-01 18:13:21.179790','2013-05-01 18:13:21.179790');
INSERT INTO "assignment_definition_to_users" VALUES(10,37,4,'2013-05-01 18:13:21.280741','2013-05-01 18:13:21.280741');
INSERT INTO "assignment_definition_to_users" VALUES(11,26,8,'2013-05-01 18:13:21.398953','2013-05-01 18:13:21.398953');
INSERT INTO "assignment_definition_to_users" VALUES(12,27,8,'2013-05-01 18:13:21.508478','2013-05-01 18:13:21.508478');
INSERT INTO "assignment_definition_to_users" VALUES(13,30,8,'2013-05-01 18:13:21.642961','2013-05-01 18:13:21.642961');
INSERT INTO "assignment_definition_to_users" VALUES(14,31,8,'2013-05-01 18:13:21.779065','2013-05-01 18:13:21.779065');
INSERT INTO "assignment_definition_to_users" VALUES(15,32,8,'2013-05-01 18:13:21.905207','2013-05-01 18:13:21.905207');
INSERT INTO "assignment_definition_to_users" VALUES(16,33,8,'2013-05-01 18:13:22.006254','2013-05-01 18:13:22.006254');
INSERT INTO "assignment_definition_to_users" VALUES(17,34,8,'2013-05-01 18:13:22.124097','2013-05-01 18:13:22.124097');
INSERT INTO "assignment_definition_to_users" VALUES(18,35,8,'2013-05-01 18:13:22.408471','2013-05-01 18:13:22.408471');
INSERT INTO "assignment_definition_to_users" VALUES(19,36,8,'2013-05-01 18:13:22.526211','2013-05-01 18:13:22.526211');
INSERT INTO "assignment_definition_to_users" VALUES(20,37,8,'2013-05-01 18:13:22.627328','2013-05-01 18:13:22.627328');
INSERT INTO "assignment_definition_to_users" VALUES(21,38,8,'2013-05-01 18:13:22.740059','2013-05-01 18:13:22.740059');
INSERT INTO "assignment_definition_to_users" VALUES(22,28,9,'2013-05-01 18:13:22.881091','2013-05-01 18:13:22.881091');
INSERT INTO "assignment_definition_to_users" VALUES(23,29,9,'2013-05-01 18:13:23.023819','2013-05-01 18:13:23.023819');
INSERT INTO "assignment_definition_to_users" VALUES(24,30,9,'2013-05-01 18:13:23.141894','2013-05-01 18:13:23.141894');
INSERT INTO "assignment_definition_to_users" VALUES(25,31,9,'2013-05-01 18:13:23.293317','2013-05-01 18:13:23.293317');
INSERT INTO "assignment_definition_to_users" VALUES(26,32,9,'2013-05-01 18:13:23.435449','2013-05-01 18:13:23.435449');
INSERT INTO "assignment_definition_to_users" VALUES(27,33,9,'2013-05-01 18:13:23.528370','2013-05-01 18:13:23.528370');
INSERT INTO "assignment_definition_to_users" VALUES(28,25,9,'2013-05-01 18:13:23.631007','2013-05-01 18:13:23.631007');
INSERT INTO "assignment_definition_to_users" VALUES(29,27,9,'2013-05-01 18:13:23.740452','2013-05-01 18:13:23.740452');
INSERT INTO "assignment_definition_to_users" VALUES(30,26,9,'2013-05-01 18:13:23.858163','2013-05-01 18:13:23.858163');
INSERT INTO "assignment_definition_to_users" VALUES(31,35,9,'2013-05-01 18:13:23.976096','2013-05-01 18:13:23.976096');
INSERT INTO "assignment_definition_to_users" VALUES(32,37,9,'2013-05-01 18:13:24.094004','2013-05-01 18:13:24.094004');
INSERT INTO "assignment_definition_to_users" VALUES(33,38,9,'2013-05-01 18:13:24.203597','2013-05-01 18:13:24.203597');
INSERT INTO "assignment_definition_to_users" VALUES(34,28,10,'2013-05-01 18:13:24.304781','2013-05-01 18:13:24.304781');
INSERT INTO "assignment_definition_to_users" VALUES(35,29,10,'2013-05-01 18:13:24.424037','2013-05-01 18:13:24.424037');
INSERT INTO "assignment_definition_to_users" VALUES(36,30,10,'2013-05-01 18:13:24.541819','2013-05-01 18:13:24.541819');
INSERT INTO "assignment_definition_to_users" VALUES(37,28,11,'2013-05-01 18:13:24.692843','2013-05-01 18:13:24.692843');
INSERT INTO "assignment_definition_to_users" VALUES(38,32,11,'2013-05-01 18:13:24.802304','2013-05-01 18:13:24.802304');
INSERT INTO "assignment_definition_to_users" VALUES(39,36,11,'2013-05-01 18:13:24.903548','2013-05-01 18:13:24.903548');
INSERT INTO "assignment_definition_to_users" VALUES(40,31,12,'2013-05-01 18:13:25.004654','2013-05-01 18:13:25.004654');
INSERT INTO "assignment_definition_to_users" VALUES(41,32,12,'2013-05-01 18:13:25.138981','2013-05-01 18:13:25.138981');
INSERT INTO "assignment_definition_to_users" VALUES(42,36,12,'2013-05-01 18:13:25.250139','2013-05-01 18:13:25.250139');
INSERT INTO "assignment_definition_to_users" VALUES(43,25,13,'2013-05-01 18:19:18.848408','2013-05-01 18:19:18.848408');
INSERT INTO "assignment_definition_to_users" VALUES(44,26,13,'2013-05-01 18:19:18.964387','2013-05-01 18:19:18.964387');
INSERT INTO "assignment_definition_to_users" VALUES(45,27,13,'2013-05-01 18:19:19.073375','2013-05-01 18:19:19.073375');
INSERT INTO "assignment_definition_to_users" VALUES(46,25,14,'2013-05-01 18:19:29.221356','2013-05-01 18:19:29.221356');
INSERT INTO "assignment_definition_to_users" VALUES(47,26,14,'2013-05-01 18:19:29.329915','2013-05-01 18:19:29.329915');
INSERT INTO "assignment_definition_to_users" VALUES(48,27,14,'2013-05-01 18:19:29.430870','2013-05-01 18:19:29.430870');
CREATE TABLE "assignment_definitions" ("id" INTEGER PRIMARY KEY AUTOINCREMENT NOT NULL, "assignment_id" integer, "description" varchar(255), "created_at" datetime NOT NULL, "updated_at" datetime NOT NULL);
INSERT INTO "assignment_definitions" VALUES(1,1,'Don''t screw up.','2013-05-01 18:13:18.548862','2013-05-01 18:13:18.548862');
INSERT INTO "assignment_definitions" VALUES(2,2,'Listen carefully.','2013-05-01 18:13:18.812202','2013-05-01 18:13:18.812202');
INSERT INTO "assignment_definitions" VALUES(3,3,'Inflate the nostrils.','2013-05-01 18:13:18.963090','2013-05-01 18:13:18.963090');
INSERT INTO "assignment_definitions" VALUES(4,4,'Step 1. Relax!','2013-05-01 18:13:19.130723','2013-05-01 18:13:19.130723');
INSERT INTO "assignment_definitions" VALUES(5,5,'Spell stuff.','2013-05-01 18:13:19.241929','2013-05-01 18:13:19.241929');
INSERT INTO "assignment_definitions" VALUES(6,6,'How fit are you?','2013-05-01 18:13:19.343051','2013-05-01 18:13:19.343051');
INSERT INTO "assignment_definitions" VALUES(7,7,'How happy are you?','2013-05-01 18:13:19.427427','2013-05-01 18:13:19.427427');
INSERT INTO "assignment_definitions" VALUES(8,8,'Be sure not to strain the fingers.','2013-05-01 18:13:19.520337','2013-05-01 18:13:19.520337');
INSERT INTO "assignment_definitions" VALUES(9,9,'Look carefully.','2013-05-01 18:13:19.613179','2013-05-01 18:13:19.613179');
INSERT INTO "assignment_definitions" VALUES(10,10,'The more you buy, the more you save!','2013-05-01 18:13:19.747499','2013-05-01 18:13:19.747499');
INSERT INTO "assignment_definitions" VALUES(11,11,'Stealing is only illegal if you get caught!','2013-05-01 18:13:19.848523','2013-05-01 18:13:19.848523');
INSERT INTO "assignment_definitions" VALUES(12,12,'Shop, drop, and roll!','2013-05-01 18:13:19.959610','2013-05-01 18:13:19.959610');
INSERT INTO "assignment_definitions" VALUES(13,13,'asdf','2013-05-01 18:19:18.663399','2013-05-01 18:19:18.663399');
INSERT INTO "assignment_definitions" VALUES(14,14,'asdf','2013-05-01 18:19:29.110848','2013-05-01 18:19:29.110848');
CREATE TABLE "assignment_pairings" ("id" INTEGER PRIMARY KEY AUTOINCREMENT NOT NULL, "assignment_definition_id" integer, "seed" integer, "previous_id" integer, "depth" integer, "number_of_graders" integer, "created_at" datetime NOT NULL, "updated_at" datetime NOT NULL);
INSERT INTO "assignment_pairings" VALUES(1,NULL,145487408,-1,0,NULL,'2013-05-01 18:18:53.442733','2013-05-01 18:18:53.442733');
INSERT INTO "assignment_pairings" VALUES(2,NULL,145487408,1,0,NULL,'2013-05-01 18:19:43.363943','2013-05-01 18:19:43.363943');
INSERT INTO "assignment_pairings" VALUES(3,NULL,145487408,2,0,NULL,'2013-05-01 18:20:00.668145','2013-05-01 18:20:00.668145');
INSERT INTO "assignment_pairings" VALUES(4,NULL,145487408,-1,0,NULL,'2013-05-01 18:20:17.458483','2013-05-01 18:20:17.458483');
CREATE TABLE "assignments" ("id" INTEGER PRIMARY KEY AUTOINCREMENT NOT NULL, "name" varchar(255) NOT NULL, "start_date" datetime NOT NULL, "end_date" datetime NOT NULL, "course_id" integer, "created_at" datetime NOT NULL, "updated_at" datetime NOT NULL, "hidden" boolean);
INSERT INTO "assignments" VALUES(1,'How to hold your breath!','2013-04-30 18:13:16.358646','2013-05-08 18:13:16.359174',1,'2013-05-01 18:13:16.385973','2013-05-01 18:13:16.385973',NULL);
INSERT INTO "assignments" VALUES(2,'Using Sonar','2013-05-02 18:13:16.359438','2013-05-08 18:13:16.359174',2,'2013-05-01 18:13:16.510453','2013-05-01 18:13:16.510453',NULL);
INSERT INTO "assignments" VALUES(3,'Breathing Through a Tube','2013-05-08 18:13:16.359174','2013-06-01 18:13:16.358920',3,'2013-05-01 18:13:16.660779','2013-05-01 18:13:16.660779',NULL);
INSERT INTO "assignments" VALUES(4,'Relinquishing Mortality','2013-04-30 18:13:16.358646','2013-05-02 18:13:16.359438',4,'2013-05-01 18:13:16.786819','2013-05-01 18:13:16.786819',NULL);
INSERT INTO "assignments" VALUES(5,'Programming with Letters','2013-06-01 18:13:16.358920','2013-06-02 18:13:16.358920',5,'2013-05-01 18:13:16.922986','2013-05-01 18:13:16.922986',NULL);
INSERT INTO "assignments" VALUES(6,'Fitness survey','2013-04-01 18:13:16.357894','2013-04-01 18:13:16.357894',6,'2013-05-01 18:13:17.065692','2013-05-01 18:13:17.065692',NULL);
INSERT INTO "assignments" VALUES(7,'Happiness survey','2013-06-01 18:13:16.358920','2013-06-01 18:13:16.358920',7,'2013-05-01 18:13:17.382721','2013-05-01 18:13:17.382721',NULL);
INSERT INTO "assignments" VALUES(8,'Stretching Your Fingers','2013-05-02 18:13:16.359438','2013-05-08 18:13:16.359174',8,'2013-05-01 18:13:17.567744','2013-05-01 18:13:17.567744',NULL);
INSERT INTO "assignments" VALUES(9,'Window Shopping','2013-04-01 18:13:16.357894','2013-04-24 18:13:16.358334',9,'2013-05-01 18:13:17.744167','2013-05-01 18:13:17.744167',NULL);
INSERT INTO "assignments" VALUES(10,'Extreme Couponing','2013-04-24 18:13:16.358334','2013-04-30 18:13:16.358646',10,'2013-05-01 18:13:17.878948','2013-05-01 18:13:17.878948',NULL);
INSERT INTO "assignments" VALUES(11,'Shopping 4 Free','2013-04-30 18:13:16.358646','2013-05-08 18:13:16.359174',11,'2013-05-01 18:13:18.097032','2013-05-01 18:13:18.097032',NULL);
INSERT INTO "assignments" VALUES(12,'Dropping Practice','2013-05-08 18:13:16.359174','2013-06-01 18:13:16.358920',12,'2013-05-01 18:13:18.375117','2013-05-01 18:13:18.375117',NULL);
INSERT INTO "assignments" VALUES(13,'Assignment2','2013-05-01 18:19:00.000000','2013-05-08 18:19:00.000000',1,'2013-05-01 18:19:18.528449','2013-05-01 18:19:18.528449','f');
INSERT INTO "assignments" VALUES(14,'Assignment3','2013-05-01 18:19:00.000000','2013-05-08 18:19:00.000000',1,'2013-05-01 18:19:28.981261','2013-05-01 18:19:28.981261','f');
CREATE TABLE "authentications" ("id" INTEGER PRIMARY KEY AUTOINCREMENT NOT NULL, "user_id" integer, "provider" varchar(255), "uid" varchar(255), "created_at" datetime NOT NULL, "updated_at" datetime NOT NULL);
CREATE TABLE "course_groups" ("id" INTEGER PRIMARY KEY AUTOINCREMENT NOT NULL, "user_id" integer, "course_id" integer, "group" integer, "created_at" datetime NOT NULL, "updated_at" datetime NOT NULL);
INSERT INTO "course_groups" VALUES(1,26,8,0,'2013-05-01 18:13:25.415982','2013-05-01 18:13:25.415982');
INSERT INTO "course_groups" VALUES(2,27,8,0,'2013-05-01 18:13:25.544563','2013-05-01 18:13:25.544563');
INSERT INTO "course_groups" VALUES(3,30,8,0,'2013-05-01 18:13:25.661885','2013-05-01 18:13:25.661885');
INSERT INTO "course_groups" VALUES(4,31,8,0,'2013-05-01 18:13:25.754610','2013-05-01 18:13:25.754610');
INSERT INTO "course_groups" VALUES(5,32,8,0,'2013-05-01 18:13:25.847391','2013-05-01 18:13:25.847391');
INSERT INTO "course_groups" VALUES(6,33,8,0,'2013-05-01 18:13:25.965264','2013-05-01 18:13:25.965264');
INSERT INTO "course_groups" VALUES(7,34,8,1,'2013-05-01 18:13:26.067853','2013-05-01 18:13:26.067853');
INSERT INTO "course_groups" VALUES(8,35,8,1,'2013-05-01 18:13:26.161785','2013-05-01 18:13:26.161785');
INSERT INTO "course_groups" VALUES(9,36,8,1,'2013-05-01 18:13:26.286648','2013-05-01 18:13:26.286648');
INSERT INTO "course_groups" VALUES(10,37,8,1,'2013-05-01 18:13:26.387896','2013-05-01 18:13:26.387896');
INSERT INTO "course_groups" VALUES(11,38,8,1,'2013-05-01 18:13:26.514483','2013-05-01 18:13:26.514483');
INSERT INTO "course_groups" VALUES(12,28,9,0,'2013-05-01 18:13:26.648581','2013-05-01 18:13:26.648581');
INSERT INTO "course_groups" VALUES(13,29,9,0,'2013-05-01 18:13:26.799873','2013-05-01 18:13:26.799873');
INSERT INTO "course_groups" VALUES(14,30,9,0,'2013-05-01 18:13:26.944609','2013-05-01 18:13:26.944609');
INSERT INTO "course_groups" VALUES(15,31,9,0,'2013-05-01 18:13:27.079220','2013-05-01 18:13:27.079220');
INSERT INTO "course_groups" VALUES(16,32,9,0,'2013-05-01 18:13:27.205239','2013-05-01 18:13:27.205239');
INSERT INTO "course_groups" VALUES(17,33,9,0,'2013-05-01 18:13:27.356104','2013-05-01 18:13:27.356104');
INSERT INTO "course_groups" VALUES(18,25,9,1,'2013-05-01 18:13:27.467430','2013-05-01 18:13:27.467430');
INSERT INTO "course_groups" VALUES(19,27,9,1,'2013-05-01 18:13:27.608534','2013-05-01 18:13:27.608534');
INSERT INTO "course_groups" VALUES(20,26,9,1,'2013-05-01 18:13:27.795970','2013-05-01 18:13:27.795970');
INSERT INTO "course_groups" VALUES(21,35,9,1,'2013-05-01 18:13:27.897249','2013-05-01 18:13:27.897249');
INSERT INTO "course_groups" VALUES(22,37,9,1,'2013-05-01 18:13:28.048364','2013-05-01 18:13:28.048364');
INSERT INTO "course_groups" VALUES(23,38,9,1,'2013-05-01 18:13:28.166153','2013-05-01 18:13:28.166153');
CREATE TABLE "courses" ("id" INTEGER PRIMARY KEY AUTOINCREMENT NOT NULL, "name" varchar(255), "course_number" varchar(255), "section" integer, "term" varchar(255), "created_at" datetime NOT NULL, "updated_at" datetime NOT NULL, "studentgroup_id" integer, "tagroup_id" integer, "user_id" integer);
INSERT INTO "courses" VALUES(1,'The art of Snorkeling','Snork-104',1,'Winter','2013-05-01 18:13:08.464263','2013-05-01 18:13:08.464263',NULL,NULL,7);
INSERT INTO "courses" VALUES(2,'The sound of Snorkeling','Snork-204',2,'Winter','2013-05-01 18:13:08.566543','2013-05-01 18:13:08.566543',NULL,NULL,14);
INSERT INTO "courses" VALUES(3,'The smell of Snorkeling','Snork-304',1,'Winter','2013-05-01 18:13:08.665638','2013-05-01 18:13:08.665638',NULL,NULL,8);
INSERT INTO "courses" VALUES(4,'How to breathe underwater','Snork-704',1,'Winter','2013-05-01 18:13:08.777491','2013-05-01 18:13:08.777491',NULL,NULL,9);
INSERT INTO "courses" VALUES(5,'Introduction to Software Development','CSSE-120',1,'Winter','2013-05-01 18:13:08.885469','2013-05-01 18:13:08.885469',NULL,NULL,10);
INSERT INTO "courses" VALUES(6,'Senior Project I','CSSE-497',1,'Fall','2013-05-01 18:13:08.996523','2013-05-01 18:13:08.996523',NULL,NULL,11);
INSERT INTO "courses" VALUES(7,'Senior Project II','CSSE-498',1,'Winter','2013-05-01 18:13:09.113978','2013-05-01 18:13:09.113978',NULL,NULL,13);
INSERT INTO "courses" VALUES(8,'How to tie a tie','Tie-532',1,'Life','2013-05-01 18:13:09.223013','2013-05-01 18:13:09.223013',NULL,NULL,7);
INSERT INTO "courses" VALUES(9,'Shopping','Shop-208',1,'Summer','2013-05-01 18:13:09.324649','2013-05-01 18:13:09.324649',NULL,NULL,7);
INSERT INTO "courses" VALUES(10,'More Shopping','Shop-208',1,'Fall','2013-05-01 18:13:09.491740','2013-05-01 18:13:09.491740',NULL,NULL,17);
INSERT INTO "courses" VALUES(11,'Even More Shopping','Shop-208',1,'Winter','2013-05-01 18:13:09.613916','2013-05-01 18:13:09.613916',NULL,NULL,18);
INSERT INTO "courses" VALUES(12,'Shopping and dropping','Shop-208',1,'Spring','2013-05-01 18:13:09.721915','2013-05-01 18:13:09.721915',NULL,NULL,21);
CREATE TABLE "courses_users" ("course_id" integer, "user_id" integer);
CREATE TABLE "delayed_jobs" ("id" INTEGER PRIMARY KEY AUTOINCREMENT NOT NULL, "priority" integer DEFAULT 0, "attempts" integer DEFAULT 0, "handler" text, "last_error" text, "run_at" datetime, "locked_at" datetime, "failed_at" datetime, "locked_by" varchar(255), "queue" varchar(255), "created_at" datetime NOT NULL, "updated_at" datetime NOT NULL);
CREATE TABLE "file_submissions" ("id" INTEGER PRIMARY KEY AUTOINCREMENT NOT NULL, "name" varchar(255), "user_id" integer, "assignment_definition_id" integer, "created_at" datetime NOT NULL, "updated_at" datetime NOT NULL, "course_id" integer, "assignment_id" integer, "file" varchar(255), "uploaded_by" integer);
CREATE TABLE "question_extras" ("id" INTEGER PRIMARY KEY AUTOINCREMENT NOT NULL, "created_at" datetime NOT NULL, "updated_at" datetime NOT NULL, "review_question_id" integer, "extra" varchar(255));
CREATE TABLE "review_answers" ("id" INTEGER PRIMARY KEY AUTOINCREMENT NOT NULL, "answer" text, "user_id" integer, "review_question_id" integer, "created_at" datetime NOT NULL, "updated_at" datetime NOT NULL, "other_id" integer);
CREATE TABLE "review_assignments" ("id" INTEGER PRIMARY KEY AUTOINCREMENT NOT NULL, "start_date" datetime, "end_date" datetime, "user_id" integer, "course_id" integer, "assignment_id" integer, "assignment_pairing_id" integer, "created_at" datetime NOT NULL, "updated_at" datetime NOT NULL, "name" varchar(255), "description" varchar(255), "grouped" boolean);
INSERT INTO "review_assignments" VALUES(1,'2013-05-01 18:18:00.000000','2013-05-08 18:18:00.000000',7,1,1,1,'2013-05-01 18:18:51.174489','2013-05-01 18:18:53.574544','Testing',NULL,'f');
INSERT INTO "review_assignments" VALUES(2,'2013-05-01 18:19:00.000000','2013-05-08 18:19:00.000000',7,1,13,2,'2013-05-01 18:19:41.288902','2013-05-01 18:19:43.497427','asdf',NULL,'f');
INSERT INTO "review_assignments" VALUES(3,'2013-05-01 18:19:00.000000','2013-05-08 18:19:00.000000',7,1,14,3,'2013-05-01 18:19:58.738969','2013-05-01 18:20:00.786090','asdf',NULL,'f');
INSERT INTO "review_assignments" VALUES(4,'2013-05-01 18:20:00.000000','2013-05-08 18:20:00.000000',7,8,8,4,'2013-05-01 18:20:15.082135','2013-05-01 18:20:17.593620','asdf',NULL,'f');
CREATE TABLE "review_mappings" ("id" INTEGER PRIMARY KEY AUTOINCREMENT NOT NULL, "user_id" integer, "other_user_id" integer, "review_assignment_id" integer, "created_at" datetime NOT NULL, "updated_at" datetime NOT NULL);
INSERT INTO "review_mappings" VALUES(1,27,25,1,'2013-05-01 18:18:53.698784','2013-05-01 18:18:53.698784');
INSERT INTO "review_mappings" VALUES(2,25,26,1,'2013-05-01 18:18:53.799931','2013-05-01 18:18:53.799931');
INSERT INTO "review_mappings" VALUES(3,26,27,1,'2013-05-01 18:18:53.900590','2013-05-01 18:18:53.900590');
INSERT INTO "review_mappings" VALUES(4,27,25,2,'2013-05-01 18:19:43.606724','2013-05-01 18:19:43.606724');
INSERT INTO "review_mappings" VALUES(5,25,26,2,'2013-05-01 18:19:43.716260','2013-05-01 18:19:43.716260');
INSERT INTO "review_mappings" VALUES(6,26,27,2,'2013-05-01 18:19:43.812738','2013-05-01 18:19:43.812738');
INSERT INTO "review_mappings" VALUES(7,27,25,3,'2013-05-01 18:20:00.903764','2013-05-01 18:20:00.903764');
INSERT INTO "review_mappings" VALUES(8,25,26,3,'2013-05-01 18:20:01.004674','2013-05-01 18:20:01.004674');
INSERT INTO "review_mappings" VALUES(9,26,27,3,'2013-05-01 18:20:01.105572','2013-05-01 18:20:01.105572');
INSERT INTO "review_mappings" VALUES(10,38,33,4,'2013-05-01 18:20:17.694997','2013-05-01 18:20:17.694997');
INSERT INTO "review_mappings" VALUES(11,33,27,4,'2013-05-01 18:20:17.795885','2013-05-01 18:20:17.795885');
INSERT INTO "review_mappings" VALUES(12,27,35,4,'2013-05-01 18:20:17.890214','2013-05-01 18:20:17.890214');
INSERT INTO "review_mappings" VALUES(13,35,36,4,'2013-05-01 18:20:17.996230','2013-05-01 18:20:17.996230');
INSERT INTO "review_mappings" VALUES(14,36,30,4,'2013-05-01 18:20:18.126215','2013-05-01 18:20:18.126215');
INSERT INTO "review_mappings" VALUES(15,30,37,4,'2013-05-01 18:20:18.218954','2013-05-01 18:20:18.218954');
INSERT INTO "review_mappings" VALUES(16,37,26,4,'2013-05-01 18:20:18.311727','2013-05-01 18:20:18.311727');
INSERT INTO "review_mappings" VALUES(17,26,32,4,'2013-05-01 18:20:18.421372','2013-05-01 18:20:18.421372');
INSERT INTO "review_mappings" VALUES(18,32,31,4,'2013-05-01 18:20:18.530782','2013-05-01 18:20:18.530782');
INSERT INTO "review_mappings" VALUES(19,31,34,4,'2013-05-01 18:20:18.650080','2013-05-01 18:20:18.650080');
INSERT INTO "review_mappings" VALUES(20,34,38,4,'2013-05-01 18:20:18.769231','2013-05-01 18:20:18.769231');
CREATE TABLE "review_questions" ("id" INTEGER PRIMARY KEY AUTOINCREMENT NOT NULL, "content" text, "question_type" integer, "review_assignment_id" integer, "created_at" datetime NOT NULL, "updated_at" datetime NOT NULL, "question_title" varchar(255));
INSERT INTO "review_questions" VALUES(1,'Testing',0,1,'2013-05-01 18:18:51.403587','2013-05-01 18:18:51.403587','Question 1');
INSERT INTO "review_questions" VALUES(2,'asdf',0,2,'2013-05-01 18:19:41.411758','2013-05-01 18:19:41.411758','Question 1');
INSERT INTO "review_questions" VALUES(3,'asdf',0,3,'2013-05-01 18:19:58.866422','2013-05-01 18:19:58.866422','Question 1');
INSERT INTO "review_questions" VALUES(4,'asdf',0,4,'2013-05-01 18:20:15.210347','2013-05-01 18:20:15.210347','Question 1');
CREATE TABLE "student_in_courses" ("id" INTEGER PRIMARY KEY AUTOINCREMENT NOT NULL, "created_at" datetime NOT NULL, "updated_at" datetime NOT NULL, "user_id" integer, "course_id" integer);
INSERT INTO "student_in_courses" VALUES(1,'2013-05-01 18:13:09.862968','2013-05-01 18:13:09.862968',25,1);
INSERT INTO "student_in_courses" VALUES(2,'2013-05-01 18:13:09.976280','2013-05-01 18:13:09.976280',26,1);
INSERT INTO "student_in_courses" VALUES(3,'2013-05-01 18:13:10.084431','2013-05-01 18:13:10.084431',27,1);
INSERT INTO "student_in_courses" VALUES(4,'2013-05-01 18:13:10.521207','2013-05-01 18:13:10.521207',30,2);
INSERT INTO "student_in_courses" VALUES(5,'2013-05-01 18:13:10.631675','2013-05-01 18:13:10.631675',31,2);
INSERT INTO "student_in_courses" VALUES(6,'2013-05-01 18:13:10.733391','2013-05-01 18:13:10.733391',28,2);
INSERT INTO "student_in_courses" VALUES(7,'2013-05-01 18:13:10.975796','2013-05-01 18:13:10.975796',32,3);
INSERT INTO "student_in_courses" VALUES(8,'2013-05-01 18:13:11.077687','2013-05-01 18:13:11.077687',29,3);
INSERT INTO "student_in_courses" VALUES(9,'2013-05-01 18:13:11.170205','2013-05-01 18:13:11.170205',33,3);
INSERT INTO "student_in_courses" VALUES(10,'2013-05-01 18:13:11.585330','2013-05-01 18:13:11.585330',37,4);
INSERT INTO "student_in_courses" VALUES(11,'2013-05-01 18:13:11.794482','2013-05-01 18:13:11.794482',26,8);
INSERT INTO "student_in_courses" VALUES(12,'2013-05-01 18:13:11.889717','2013-05-01 18:13:11.889717',27,8);
INSERT INTO "student_in_courses" VALUES(13,'2013-05-01 18:13:11.989575','2013-05-01 18:13:11.989575',30,8);
INSERT INTO "student_in_courses" VALUES(14,'2013-05-01 18:13:12.107188','2013-05-01 18:13:12.107188',31,8);
INSERT INTO "student_in_courses" VALUES(15,'2013-05-01 18:13:12.222732','2013-05-01 18:13:12.222732',32,8);
INSERT INTO "student_in_courses" VALUES(16,'2013-05-01 18:13:12.336031','2013-05-01 18:13:12.336031',33,8);
INSERT INTO "student_in_courses" VALUES(17,'2013-05-01 18:13:12.446043','2013-05-01 18:13:12.446043',34,8);
INSERT INTO "student_in_courses" VALUES(18,'2013-05-01 18:13:12.553836','2013-05-01 18:13:12.553836',35,8);
INSERT INTO "student_in_courses" VALUES(19,'2013-05-01 18:13:12.656149','2013-05-01 18:13:12.656149',36,8);
INSERT INTO "student_in_courses" VALUES(20,'2013-05-01 18:13:12.766032','2013-05-01 18:13:12.766032',37,8);
INSERT INTO "student_in_courses" VALUES(21,'2013-05-01 18:13:12.876556','2013-05-01 18:13:12.876556',38,8);
INSERT INTO "student_in_courses" VALUES(22,'2013-05-01 18:13:13.071452','2013-05-01 18:13:13.071452',28,9);
INSERT INTO "student_in_courses" VALUES(23,'2013-05-01 18:13:13.189633','2013-05-01 18:13:13.189633',29,9);
INSERT INTO "student_in_courses" VALUES(24,'2013-05-01 18:13:13.298714','2013-05-01 18:13:13.298714',30,9);
INSERT INTO "student_in_courses" VALUES(25,'2013-05-01 18:13:13.407590','2013-05-01 18:13:13.407590',31,9);
INSERT INTO "student_in_courses" VALUES(26,'2013-05-01 18:13:13.524824','2013-05-01 18:13:13.524824',32,9);
INSERT INTO "student_in_courses" VALUES(27,'2013-05-01 18:13:13.652460','2013-05-01 18:13:13.652460',33,9);
INSERT INTO "student_in_courses" VALUES(28,'2013-05-01 18:13:13.752374','2013-05-01 18:13:13.752374',25,9);
INSERT INTO "student_in_courses" VALUES(29,'2013-05-01 18:13:13.864463','2013-05-01 18:13:13.864463',27,9);
INSERT INTO "student_in_courses" VALUES(30,'2013-05-01 18:13:13.990387','2013-05-01 18:13:13.990387',26,9);
INSERT INTO "student_in_courses" VALUES(31,'2013-05-01 18:13:14.113928','2013-05-01 18:13:14.113928',35,9);
INSERT INTO "student_in_courses" VALUES(32,'2013-05-01 18:13:14.240246','2013-05-01 18:13:14.240246',37,9);
INSERT INTO "student_in_courses" VALUES(33,'2013-05-01 18:13:14.360576','2013-05-01 18:13:14.360576',38,9);
INSERT INTO "student_in_courses" VALUES(34,'2013-05-01 18:13:14.468888','2013-05-01 18:13:14.468888',28,10);
INSERT INTO "student_in_courses" VALUES(35,'2013-05-01 18:13:14.578511','2013-05-01 18:13:14.578511',29,10);
INSERT INTO "student_in_courses" VALUES(36,'2013-05-01 18:13:14.679549','2013-05-01 18:13:14.679549',30,10);
INSERT INTO "student_in_courses" VALUES(37,'2013-05-01 18:13:15.016250','2013-05-01 18:13:15.016250',28,11);
INSERT INTO "student_in_courses" VALUES(38,'2013-05-01 18:13:15.128250','2013-05-01 18:13:15.128250',32,11);
INSERT INTO "student_in_courses" VALUES(39,'2013-05-01 18:13:15.236274','2013-05-01 18:13:15.236274',36,11);
INSERT INTO "student_in_courses" VALUES(40,'2013-05-01 18:13:15.657965','2013-05-01 18:13:15.657965',31,12);
INSERT INTO "student_in_courses" VALUES(41,'2013-05-01 18:13:15.775585','2013-05-01 18:13:15.775585',32,12);
INSERT INTO "student_in_courses" VALUES(42,'2013-05-01 18:13:15.876362','2013-05-01 18:13:15.876362',36,12);
CREATE TABLE "ta_for_courses" ("id" INTEGER PRIMARY KEY AUTOINCREMENT NOT NULL, "created_at" datetime NOT NULL, "updated_at" datetime NOT NULL, "user_id" integer, "course_id" integer);
INSERT INTO "ta_for_courses" VALUES(1,'2013-05-01 18:13:10.217312','2013-05-01 18:13:10.217312',33,1);
INSERT INTO "ta_for_courses" VALUES(2,'2013-05-01 18:13:10.318366','2013-05-01 18:13:10.318366',29,1);
INSERT INTO "ta_for_courses" VALUES(3,'2013-05-01 18:13:10.411313','2013-05-01 18:13:10.411313',21,1);
INSERT INTO "ta_for_courses" VALUES(4,'2013-05-01 18:13:10.859313','2013-05-01 18:13:10.859313',28,2);
INSERT INTO "ta_for_courses" VALUES(5,'2013-05-01 18:13:11.263780','2013-05-01 18:13:11.263780',36,3);
INSERT INTO "ta_for_courses" VALUES(6,'2013-05-01 18:13:11.373195','2013-05-01 18:13:11.373195',38,3);
INSERT INTO "ta_for_courses" VALUES(7,'2013-05-01 18:13:11.482266','2013-05-01 18:13:11.482266',35,3);
INSERT INTO "ta_for_courses" VALUES(8,'2013-05-01 18:13:11.702625','2013-05-01 18:13:11.702625',38,4);
INSERT INTO "ta_for_courses" VALUES(9,'2013-05-01 18:13:12.976584','2013-05-01 18:13:12.976584',28,8);
INSERT INTO "ta_for_courses" VALUES(10,'2013-05-01 18:13:14.797681','2013-05-01 18:13:14.797681',37,10);
INSERT INTO "ta_for_courses" VALUES(11,'2013-05-01 18:13:14.907615','2013-05-01 18:13:14.907615',27,10);
INSERT INTO "ta_for_courses" VALUES(12,'2013-05-01 18:13:15.340502','2013-05-01 18:13:15.340502',37,11);
INSERT INTO "ta_for_courses" VALUES(13,'2013-05-01 18:13:15.447178','2013-05-01 18:13:15.447178',25,11);
INSERT INTO "ta_for_courses" VALUES(14,'2013-05-01 18:13:15.542348','2013-05-01 18:13:15.542348',26,11);
INSERT INTO "ta_for_courses" VALUES(15,'2013-05-01 18:13:15.987540','2013-05-01 18:13:15.987540',37,12);
INSERT INTO "ta_for_courses" VALUES(16,'2013-05-01 18:13:16.121868','2013-05-01 18:13:16.121868',35,12);
INSERT INTO "ta_for_courses" VALUES(17,'2013-05-01 18:13:16.240243','2013-05-01 18:13:16.240243',38,12);
CREATE TABLE "users" ("id" INTEGER PRIMARY KEY AUTOINCREMENT NOT NULL, "email" varchar(255) DEFAULT '' NOT NULL, "encrypted_password" varchar(255) DEFAULT '' NOT NULL, "reset_password_token" varchar(255), "reset_password_sent_at" datetime, "remember_created_at" datetime, "sign_in_count" integer DEFAULT 0, "current_sign_in_at" datetime, "last_sign_in_at" datetime, "current_sign_in_ip" varchar(255), "last_sign_in_ip" varchar(255), "created_at" datetime NOT NULL, "updated_at" datetime NOT NULL, "role" varchar(255), "first_name" varchar(255), "last_name" varchar(255), "deleted_at" datetime);
INSERT INTO "users" VALUES(1,'notadmin@codeswap.com','$2a$10$Z0BTF31nO6w5nsQW3IvSFuk7iyNa/7KiSnA90nyENW5gWeDqIa68e',NULL,NULL,NULL,0,NULL,NULL,NULL,NULL,'2013-05-01 18:12:52.365709','2013-05-01 18:12:52.365709','admin','Sneaky','Admin',NULL);
INSERT INTO "users" VALUES(2,'admin@codeswap.com','$2a$10$vQhOq/3SYcAkhivaqx02qOrfqVu8BNy9LcKIMak8Tdb5Q6tQRPy/m',NULL,NULL,NULL,0,NULL,NULL,NULL,NULL,'2013-05-01 18:12:52.807272','2013-05-01 18:12:52.807272','admin','Administrator','Joel',NULL);
INSERT INTO "users" VALUES(3,'admin@test.com','$2a$10$KDzo9hSPIopfNaDiuiA3RerzNVChM0RWKx1l9yDcsc64qQSlffzbm',NULL,NULL,NULL,0,NULL,NULL,NULL,NULL,'2013-05-01 18:12:53.220438','2013-05-01 18:12:53.220438','admin','Administrator','Bilbo',NULL);
INSERT INTO "users" VALUES(4,'heman@masteroftheuniverse.com','$2a$10$MGnSIjW3/2ZsJGv85AhhwOmABEtpFuYwVme1rzV4pqKc4ILfiZbOG',NULL,NULL,NULL,0,NULL,NULL,NULL,NULL,'2013-05-01 18:12:53.633881','2013-05-01 18:12:53.633881','admin','Administrator','He-Man',NULL);
INSERT INTO "users" VALUES(5,'skeletor@lordofdestruction.com','$2a$10$Z7GERR9FUgqm2HRui4nlmevmmxjRFEKkb7GncNWFCd37mvmgmcaEq',NULL,NULL,NULL,0,NULL,NULL,NULL,NULL,'2013-05-01 18:12:54.047858','2013-05-01 18:12:54.047858','admin','Administrator','Skeletor',NULL);
INSERT INTO "users" VALUES(6,'jiminy@thecricket.com','$2a$10$0enr5DdwlwG8H3fRlC4wjO1GaHv26VtgW28sR1mGDV3SK.jZgWmJC',NULL,NULL,NULL,0,NULL,NULL,NULL,NULL,'2013-05-01 18:12:54.470863','2013-05-01 18:12:54.470863','admin','Administrator','Cricket',NULL);
INSERT INTO "users" VALUES(7,'spock@enterprise.uss','$2a$10$1bF5HR.k/Q2M/WPfn7sD3.sexPw.sP1xrHTB6xCsaDHu73/KNYo1q',NULL,NULL,NULL,1,'2013-05-01 18:18:34.839892','2013-05-01 18:18:34.839892','127.0.0.1','127.0.0.1','2013-05-01 18:12:54.896799','2013-05-01 18:18:34.847286','faculty','Leonard','Nimoy',NULL);
INSERT INTO "users" VALUES(8,'thanks@thanksbanks.com','$2a$10$GPbE.EnxZIn.2Fnl.jDsPul36qtuP4abAQHyE8a5xm0RquFpcHLn2',NULL,NULL,NULL,0,NULL,NULL,NULL,NULL,'2013-05-01 18:12:55.326388','2013-05-01 18:12:55.326388','faculty','Tom','Hanks',NULL);
INSERT INTO "users" VALUES(9,'leon.ardo.di@caprio.net','$2a$10$NP8o7TjXX04WTgRmFtIXle5cysWqWFwilN2yh2EM0SMJ01P0I5JJG',NULL,NULL,NULL,0,NULL,NULL,NULL,NULL,'2013-05-01 18:12:55.753028','2013-05-01 18:12:55.753028','faculty','Leonardo','DiCaprio',NULL);
INSERT INTO "users" VALUES(10,'jlocke@philosophers.co.uk','$2a$10$oa6QCQJ4SkhU6J9c8A0Bx.wgl7dZvCgQ0tHI6E8T3xi1snjQs4fdO',NULL,NULL,NULL,0,NULL,NULL,NULL,NULL,'2013-05-01 18:12:56.193633','2013-05-01 18:12:56.193633','faculty','John','Locke',NULL);
INSERT INTO "users" VALUES(11,'lao@tzu2.ch','$2a$10$Ud7p4QRvPZoOicsCIzq9DudfyMDqtOjKM9TrB67JjrSCrkbIm5PMK',NULL,NULL,NULL,0,NULL,NULL,NULL,NULL,'2013-05-01 18:12:56.618220','2013-05-01 18:12:56.618220','faculty','Lao','Tzu',NULL);
INSERT INTO "users" VALUES(12,'friedrich@nietzsche.de','$2a$10$LfEW3VYRHOzptMvdtarJW.OyjywMZRm82eXqgM2y1FOVSsP51pOsS',NULL,NULL,NULL,0,NULL,NULL,NULL,NULL,'2013-05-01 18:12:57.059259','2013-05-01 18:12:57.059259','faculty','Friedrich','Nietzsche',NULL);
INSERT INTO "users" VALUES(13,'thomas@hobbes.co.uk','$2a$10$Z4d/np5R4MY6WGrLxez61O6qTS..2jWTRXkgrSXNTmstn0xPZW2rW',NULL,NULL,NULL,0,NULL,NULL,NULL,NULL,'2013-05-01 18:12:57.494791','2013-05-01 18:12:57.494791','faculty','Thomas','Hobbes',NULL);
INSERT INTO "users" VALUES(14,'einsteinsemail@einstein.biz','$2a$10$p5DVru4lMrAw65SjHG0gYuoErvUkPRCqZ0q6kSpiaXkEQkwCyzxJi',NULL,NULL,NULL,0,NULL,NULL,NULL,NULL,'2013-05-01 18:12:57.916562','2013-05-01 18:12:57.916562','faculty','Albert','Einstein',NULL);
INSERT INTO "users" VALUES(15,'edison@foundingfathers.com','$2a$10$dIih0iIEPqXkojrbmtf33ezRaINUpWvO5q6TByz3l44npQijunHsG',NULL,NULL,NULL,0,NULL,NULL,NULL,NULL,'2013-05-01 18:12:58.334270','2013-05-01 18:12:58.334270','faculty','Thomas','Edison',NULL);
INSERT INTO "users" VALUES(16,'nk@tesla.cr','$2a$10$6uWCz0BOfD47H9URLxFmTenYnq9wfxVmywpBdKzsfdHVWshZlf89u',NULL,NULL,NULL,0,NULL,NULL,NULL,NULL,'2013-05-01 18:12:58.788536','2013-05-01 18:12:58.788536','faculty','Nikolai','Tesla',NULL);
INSERT INTO "users" VALUES(17,'galileo@galileo.gr','$2a$10$VD1Kv2PX8tXRi7nrniCUB.V6Eaf9zNTBfxsYh/A549FcWXKADK86m',NULL,NULL,NULL,0,NULL,NULL,NULL,NULL,'2013-05-01 18:12:59.223752','2013-05-01 18:12:59.223752','faculty','Galileo','Galilei',NULL);
INSERT INTO "users" VALUES(18,'leonard@euler.com','$2a$10$8au4cq1aYj98EhsPDPAhtOTV9HT8fYsSk.2S9Ayy5MEdY54p.94Me',NULL,NULL,NULL,0,NULL,NULL,NULL,NULL,'2013-05-01 18:12:59.652090','2013-05-01 18:12:59.652090','faculty','Leonard','Euler',NULL);
INSERT INTO "users" VALUES(19,'therealdeal@foundingfathers.com','$2a$10$lZA77EBtmjGf9GkSWbcfdecQ4II3ljsfApdRqf.u.cd4xxnbl8l/6',NULL,NULL,NULL,0,NULL,NULL,NULL,NULL,'2013-05-01 18:13:00.082793','2013-05-01 18:13:00.082793','faculty','Benjamin','Franklin',NULL);
INSERT INTO "users" VALUES(20,'gwbush@whitehouse.com','$2a$10$BmCg98/quSwIETxXz/2hJukcWmdpbQ4ffBSssWHOANQUotcMo2CPW',NULL,NULL,NULL,0,NULL,NULL,NULL,NULL,'2013-05-01 18:13:00.515899','2013-05-01 18:13:00.515899','faculty','George','Bush',NULL);
INSERT INTO "users" VALUES(21,'obama@whitehouse.gov','$2a$10$uhBwqmr8IlrKGY8.6WF2CeC4j35DOS7u8I.LPqOhSAiwGMY51HOka',NULL,NULL,NULL,0,NULL,NULL,NULL,NULL,'2013-05-01 18:13:00.946332','2013-05-01 18:13:00.946332','faculty','Barack','Obama',NULL);
INSERT INTO "users" VALUES(22,'fig@newtons.com','$2a$10$tepGAQYYAsqcXmGcVn3.3uvYmHPtKcKLROD15ijygt0M0DZb5lx02',NULL,NULL,NULL,0,NULL,NULL,NULL,NULL,'2013-05-01 18:13:01.374927','2013-05-01 18:13:01.374927','faculty','Isaac','Newton',NULL);
INSERT INTO "users" VALUES(23,'eatmychicken@generaltso.ch','$2a$10$BQiSvHCzGiTU9BhYhEvK7evYty0Ein/GdWUshMgbv9LwfwkU/Dv8y',NULL,NULL,NULL,0,NULL,NULL,NULL,NULL,'2013-05-01 18:13:01.813683','2013-05-01 18:13:01.813683','faculty','General','Tso',NULL);
INSERT INTO "users" VALUES(24,'knight@ni.co.uk','$2a$10$bw5vsNT0MNnSE5VYbl2rGOIg2iIGmgBpAEs9XI0mPKk0AhnlccsMa',NULL,NULL,NULL,0,NULL,NULL,NULL,NULL,'2013-05-01 18:13:02.255711','2013-05-01 18:13:02.255711','faculty','Monty','Python',NULL);
INSERT INTO "users" VALUES(25,'thequeen@uk.co.uk','$2a$10$SH0F95UjKem3sYajz7lz3OK0/PbquzakBoNZ5zP4p/9TZOCeR0P4O',NULL,NULL,NULL,0,NULL,NULL,NULL,NULL,'2013-05-01 18:13:02.682745','2013-05-01 18:13:02.682745','student','Queen','Elizabeth',NULL);
INSERT INTO "users" VALUES(26,'prisoner@southafrica.za','$2a$10$LAmJeD.r7MbpSj4DXgLTVOc/sc3xQWxN5bGAnxOXc23V3BXwyFTAO',NULL,NULL,NULL,0,NULL,NULL,NULL,NULL,'2013-05-01 18:13:03.114202','2013-05-01 18:13:03.114202','student','Nelson','Mandela',NULL);
INSERT INTO "users" VALUES(27,'jackson@neverland.com','$2a$10$xompMRJoFDlTPgwh.CScbeBYDVz6JEt4cWNmqvI6wEhApRLjHTD16',NULL,NULL,NULL,0,NULL,NULL,NULL,NULL,'2013-05-01 18:13:03.555221','2013-05-01 18:13:03.555221','student','Michael','Jackson',NULL);
INSERT INTO "users" VALUES(28,'poppinlock@poppins.co.uk','$2a$10$SR8hUBNw62JadZ.Ex53l8OisbxnMbMwaEkkhuSdSrcx2tyV5czZUG',NULL,NULL,NULL,0,NULL,NULL,NULL,NULL,'2013-05-01 18:13:03.995566','2013-05-01 18:13:03.995566','student','Mary','Poppins',NULL);
INSERT INTO "users" VALUES(29,'martha@fedpenfoods.com','$2a$10$50UwF03BQJK6.04Mv3W5U.LEuc3JThbu5Bw7.zGhGfeONvr.z/u5y',NULL,NULL,NULL,0,NULL,NULL,NULL,NULL,'2013-05-01 18:13:04.428812','2013-05-01 18:13:04.428812','student','Martha','Stewart',NULL);
INSERT INTO "users" VALUES(30,'fat@albert.com','$2a$10$4sdVf0YV/irurs9aGWnniO.h.R4t1KzzSHxkgcZTSWBTNQod6Xhtu',NULL,NULL,NULL,0,NULL,NULL,NULL,NULL,'2013-05-01 18:13:04.864600','2013-05-01 18:13:04.864600','student','Fat','Albert',NULL);
INSERT INTO "users" VALUES(31,'america@america.com','$2a$10$nBcJ/iX9g/jxBIG/cFvIPe5uHAynqyKtZ01MzEyhEEPHUQrGtNA4S',NULL,NULL,NULL,0,NULL,NULL,NULL,NULL,'2013-05-01 18:13:05.291659','2013-05-01 18:13:05.291659','student','Hulk','Hogan',NULL);
INSERT INTO "users" VALUES(32,'parker@thedailybugle.com','$2a$10$znbv6xWmObYcX403bAUht.LVCQl/N4DVo4N9FPzmGvhGdwr7MZ1F6',NULL,NULL,NULL,0,NULL,NULL,NULL,NULL,'2013-05-01 18:13:05.725053','2013-05-01 18:13:05.725053','student','Peter','Parker',NULL);
INSERT INTO "users" VALUES(33,'mahatma@gandhi.in','$2a$10$xlBRu2Ooopqkk1E9cqrAteijTWBVmpTmpVXyqYdO2HRKxZchUHZQ2',NULL,NULL,NULL,0,NULL,NULL,NULL,NULL,'2013-05-01 18:13:06.164718','2013-05-01 18:13:06.164718','student','Mahatma','Gandhi',NULL);
INSERT INTO "users" VALUES(34,'theemperor@japan.jp','$2a$10$HGdcVVQBkgPGs9nlqh17QupUwtDjLKaWNOcaJe8js9uqeJFfNT5nC',NULL,NULL,NULL,0,NULL,NULL,NULL,NULL,'2013-05-01 18:13:06.591176','2013-05-01 18:13:06.591176','student','Emperor','Akihito',NULL);
INSERT INTO "users" VALUES(35,'stark@starkindustries.com','$2a$10$XXjMqcywUDEWALVqWKOjDu4CbaVx8gA0CP/3BXOvQxNDXn.RIUNQO',NULL,NULL,NULL,0,NULL,NULL,NULL,NULL,'2013-05-01 18:13:07.022997','2013-05-01 18:13:07.022997','student','Tony','Stark',NULL);
INSERT INTO "users" VALUES(36,'ckent@thedailyplanet.com','$2a$10$SHJuU1z4qb5hT7BeguDBXe/CK363.h5UJA5BT2d/4O.GdB.b8.fyK',NULL,NULL,NULL,0,NULL,NULL,NULL,NULL,'2013-05-01 18:13:07.450630','2013-05-01 18:13:07.450630','student','Clark','Kent',NULL);
INSERT INTO "users" VALUES(37,'bruce@wayneindustries.com','$2a$10$GtUIms4zDXlJ0UoGApqd4OwKE/xUCOLnOQADETMmX1BfcbH2HQA.u',NULL,NULL,NULL,0,NULL,NULL,NULL,NULL,'2013-05-01 18:13:07.885779','2013-05-01 18:13:07.885779','student','Bruce','Wayne',NULL);
INSERT INTO "users" VALUES(38,'300@spartans.gr','$2a$10$8dXhmh7Lvz7BKNfD.zY6P.ONqHQBmWOOwTEy9G4d94hPHhBeF2KnO',NULL,NULL,NULL,0,NULL,NULL,NULL,NULL,'2013-05-01 18:13:08.317763','2013-05-01 18:13:08.317763','student','The 300','Spartans',NULL);
CREATE TABLE "schema_migrations" ("version" varchar(255) NOT NULL);
INSERT INTO "schema_migrations" VALUES('20130424045312');
INSERT INTO "schema_migrations" VALUES('20121219020257');
INSERT INTO "schema_migrations" VALUES('20130424044929');
INSERT INTO "schema_migrations" VALUES('20130206172256');
INSERT INTO "schema_migrations" VALUES('20130312160927');
INSERT INTO "schema_migrations" VALUES('20130129020310');
INSERT INTO "schema_migrations" VALUES('20121007044905');
INSERT INTO "schema_migrations" VALUES('20121010011518');
INSERT INTO "schema_migrations" VALUES('20121010013520');
INSERT INTO "schema_migrations" VALUES('20130121235838');
INSERT INTO "schema_migrations" VALUES('20130311202807');
INSERT INTO "schema_migrations" VALUES('20121203230809');
INSERT INTO "schema_migrations" VALUES('20121205011939');
INSERT INTO "schema_migrations" VALUES('20130311202701');
INSERT INTO "schema_migrations" VALUES('20130405062351');
INSERT INTO "schema_migrations" VALUES('20130310193134');
INSERT INTO "schema_migrations" VALUES('20120924045903');
INSERT INTO "schema_migrations" VALUES('20121010013543');
INSERT INTO "schema_migrations" VALUES('20130129011653');
INSERT INTO "schema_migrations" VALUES('20121203231319');
INSERT INTO "schema_migrations" VALUES('20130113214033');
INSERT INTO "schema_migrations" VALUES('20130312160955');
INSERT INTO "schema_migrations" VALUES('20130310192311');
INSERT INTO "schema_migrations" VALUES('20121010021315');
INSERT INTO "schema_migrations" VALUES('20130108234815');
INSERT INTO "schema_migrations" VALUES('20121010045514');
INSERT INTO "schema_migrations" VALUES('20120917221557');
INSERT INTO "schema_migrations" VALUES('20121010011532');
INSERT INTO "schema_migrations" VALUES('20121010013557');
INSERT INTO "schema_migrations" VALUES('20130130170953');
INSERT INTO "schema_migrations" VALUES('20121017050957');
INSERT INTO "schema_migrations" VALUES('20121008234712');
INSERT INTO "schema_migrations" VALUES('20121010013529');
INSERT INTO "schema_migrations" VALUES('20130325211854');
INSERT INTO "schema_migrations" VALUES('20130310191226');
INSERT INTO "schema_migrations" VALUES('20130129011547');
INSERT INTO "schema_migrations" VALUES('20120924043514');
INSERT INTO "schema_migrations" VALUES('20121203232425');
INSERT INTO "schema_migrations" VALUES('20130128230821');
INSERT INTO "schema_migrations" VALUES('20121007170445');
INSERT INTO "schema_migrations" VALUES('20121001070958');
INSERT INTO "schema_migrations" VALUES('20121212004418');
INSERT INTO "schema_migrations" VALUES('20130311201805');
INSERT INTO "schema_migrations" VALUES('20130122232722');
INSERT INTO "schema_migrations" VALUES('20120916233307');
INSERT INTO "schema_migrations" VALUES('20121007211305');
DELETE FROM sqlite_sequence;
INSERT INTO "sqlite_sequence" VALUES('users',38);
INSERT INTO "sqlite_sequence" VALUES('courses',12);
INSERT INTO "sqlite_sequence" VALUES('student_in_courses',42);
INSERT INTO "sqlite_sequence" VALUES('ta_for_courses',17);
INSERT INTO "sqlite_sequence" VALUES('assignments',14);
INSERT INTO "sqlite_sequence" VALUES('assignment_definitions',14);
INSERT INTO "sqlite_sequence" VALUES('assignment_definition_to_users',48);
INSERT INTO "sqlite_sequence" VALUES('course_groups',23);
INSERT INTO "sqlite_sequence" VALUES('review_assignments',4);
INSERT INTO "sqlite_sequence" VALUES('review_questions',4);
INSERT INTO "sqlite_sequence" VALUES('assignment_pairings',4);
INSERT INTO "sqlite_sequence" VALUES('review_mappings',20);
CREATE INDEX "delayed_jobs_priority" ON "delayed_jobs" ("priority", "run_at");
CREATE UNIQUE INDEX "index_users_on_email" ON "users" ("email");
CREATE UNIQUE INDEX "index_users_on_reset_password_token" ON "users" ("reset_password_token");
CREATE UNIQUE INDEX "unique_schema_migrations" ON "schema_migrations" ("version");
COMMIT;
